City_ID,City,Lat,Lng,Max Temp,Humidity,Cloudiness,Wind Speed,Country,Date
0,boueni,-12.9,45.08,80.6,74.0,20.0,6.93,YT,1605544415.0
1,mortka,59.33,66.02,12.25,91.0,86.0,5.21,RU,1605544415.0
2,turkistan,43.0,68.0,20.23,84.0,0.0,7.43,KZ,1605544415.0
3,nikolskoye,59.7,30.79,34.0,86.0,90.0,6.71,RU,1605544415.0
4,bethel,41.37,-73.41,50.0,43.0,20.0,12.75,US,1605544221.0
5,general pico,-35.66,-63.76,85.12,20.0,0.0,7.47,AR,1605544269.0
6,mys shmidta,,,,,,,,
7,albany,42.6,-73.97,46.99,46.0,51.0,5.01,US,1605544159.0
8,nhulunbuy,-12.23,136.77,78.8,74.0,87.0,4.7,AU,1605544415.0
9,yellowknife,62.46,-114.35,5.0,92.0,75.0,5.82,CA,1605544142.0
10,saint-augustin,51.23,-58.65,35.64,86.0,100.0,21.3,CA,1605544415.0
11,palmerston north,-40.35,175.62,57.0,76.0,53.0,3.0,NZ,1605544415.0
12,puerto ayora,-0.74,-90.35,75.2,73.0,75.0,16.11,EC,1605544416.0
13,georgetown,5.41,100.34,78.8,94.0,20.0,2.24,MY,1605544325.0
14,peniche,39.36,-9.38,64.99,74.0,99.0,4.0,PT,1605544416.0
15,ribeira grande,38.52,-28.7,68.0,88.0,75.0,19.46,PT,1605544416.0
16,erzin,36.96,36.2,66.99,59.0,0.0,3.87,TR,1605544416.0
17,vestmannaeyjar,63.44,-20.27,39.2,75.0,75.0,11.41,IS,1605544416.0
18,ushuaia,-54.8,-68.3,50.0,46.0,40.0,48.32,AR,1605544416.0
19,new norfolk,-42.78,147.06,51.01,77.0,25.0,3.0,AU,1605544416.0
20,grimshaw,56.18,-117.6,12.99,85.0,90.0,13.87,CA,1605544416.0
21,port alfred,-33.59,26.89,68.41,85.0,99.0,16.26,ZA,1605544416.0
22,jamestown,42.1,-79.24,37.99,69.0,90.0,20.8,US,1605544149.0
23,punta arenas,-53.15,-70.92,55.4,50.0,0.0,38.03,CL,1605544330.0
24,port augusta,-32.5,137.77,59.0,72.0,40.0,9.17,AU,1605544416.0
26,mataura,-46.19,168.86,55.99,88.0,96.0,10.0,NZ,1605544416.0
27,lebu,-37.62,-73.65,57.04,66.0,0.0,20.0,CL,1605544416.0
28,mar del plata,-38.0,-57.56,64.4,55.0,0.0,10.29,AR,1605544365.0
29,belushya guba,,,,,,,,
30,nambucca heads,-30.65,153.0,73.4,88.0,40.0,13.87,AU,1605544416.0
31,dikson,73.51,80.55,30.88,99.0,100.0,18.7,RU,1605544416.0
32,rikitea,-23.12,-134.97,75.69,78.0,38.0,10.47,PF,1605544417.0
33,qaanaaq,77.48,-69.36,-0.62,82.0,99.0,5.82,GL,1605544417.0
34,dole,47.08,5.5,51.8,76.0,90.0,3.36,FR,1605544417.0
35,herat,34.5,62.0,44.6,42.0,0.0,2.24,AF,1605544125.0
36,bambous virieux,-20.34,57.76,73.4,56.0,75.0,9.17,MU,1605544417.0
37,chuy,-33.7,-53.46,70.59,49.0,24.0,13.29,UY,1605544417.0
38,kavieng,-2.57,150.8,81.21,81.0,82.0,10.4,PG,1605544417.0
39,bluff,-46.6,168.33,55.99,88.0,100.0,10.0,NZ,1605544417.0
40,cabo san lucas,22.89,-109.91,75.99,73.0,5.0,2.24,MX,1605544219.0
41,zvishavane,-20.33,30.07,79.92,26.0,13.0,9.48,ZW,1605544417.0
42,starodub,52.58,32.76,25.88,94.0,97.0,13.35,RU,1605544417.0
43,amderma,,,,,,,,
44,lavrentiya,65.58,-171.0,31.37,96.0,100.0,16.08,RU,1605544417.0
45,bengkulu,-3.8,102.27,76.5,93.0,100.0,4.43,ID,1605544417.0
46,oranjemund,-28.55,16.43,61.0,81.0,5.0,15.79,,1605544417.0
47,matara,5.95,80.54,77.0,89.0,100.0,4.99,LK,1605544417.0
49,hermanus,-34.42,19.23,66.0,66.0,80.0,3.0,ZA,1605544417.0
50,ostrovnoy,68.05,39.51,34.23,89.0,93.0,33.15,RU,1605544417.0
51,saint-philippe,-21.36,55.77,71.6,56.0,75.0,9.17,RE,1605544418.0
52,ilulissat,69.22,-51.1,14.0,36.0,20.0,16.11,GL,1605544353.0
53,rajanpur,29.1,70.33,62.82,52.0,0.0,10.42,PK,1605544418.0
54,hami,42.8,93.45,36.1,73.0,100.0,7.76,CN,1605544418.0
55,atuona,-9.8,-139.03,78.44,69.0,1.0,14.72,PF,1605544418.0
56,coquimbo,-29.95,-71.34,59.0,72.0,75.0,8.05,CL,1605544418.0
57,nanortalik,60.14,-45.24,28.4,85.0,0.0,3.65,GL,1605544418.0
58,nara,34.69,135.8,57.0,74.0,0.0,1.32,JP,1605544161.0
59,taolanaro,,,,,,,,
60,ponta do sol,32.67,-17.1,73.4,78.0,40.0,23.04,PT,1605544418.0
61,yulara,-25.24,130.99,75.2,25.0,42.0,9.17,AU,1605544418.0
62,calabozo,8.92,-67.43,86.74,69.0,24.0,8.23,VE,1605544418.0
63,austintown,41.1,-80.76,43.0,60.0,75.0,12.75,US,1605544418.0
65,maloshuyka,,,,,,,,
66,kuche,,,,,,,,
67,salvador,13.83,-88.92,87.8,74.0,20.0,9.17,SV,1605544358.0
68,hualmay,-11.1,-77.61,70.36,65.0,97.0,12.1,PE,1605544418.0
69,ballina,-28.87,153.57,73.4,83.0,3.0,5.82,AU,1605544418.0
70,severo-kurilsk,50.68,156.12,33.82,86.0,70.0,8.72,RU,1605544418.0
71,pevek,69.7,170.31,10.74,96.0,100.0,2.33,RU,1605544418.0
72,embu,-23.65,-46.85,82.4,51.0,20.0,12.75,BR,1605544172.0
73,flinders,-34.58,150.86,64.0,85.0,78.0,8.16,AU,1605544419.0
74,vila velha,-20.33,-40.29,87.8,66.0,20.0,13.87,BR,1605544147.0
75,torbay,47.67,-52.73,37.0,74.0,90.0,12.75,CA,1605544419.0
76,busselton,-33.65,115.33,60.01,76.0,100.0,9.42,AU,1605544419.0
77,makungu,-8.73,35.28,66.16,90.0,88.0,4.43,TZ,1605544419.0
78,rock sound,24.9,-76.2,79.65,77.0,18.0,15.61,BS,1605544419.0
79,armacao dos buzios,,,,,,,,
80,tuktoyaktuk,69.45,-133.04,3.2,77.0,40.0,9.17,CA,1605544419.0
81,faanui,-16.48,-151.75,79.38,77.0,5.0,8.99,PF,1605544419.0
82,hyeres,43.12,6.12,62.6,42.0,0.0,20.8,FR,1605544419.0
83,rincon,32.3,-81.24,68.0,40.0,1.0,6.93,US,1605544419.0
84,sabha,27.04,14.43,69.76,35.0,72.0,6.8,LY,1605544419.0
85,linxia,35.6,103.21,45.72,79.0,38.0,3.87,CN,1605544419.0
87,olden,61.84,6.81,51.8,66.0,75.0,9.17,NO,1605544419.0
88,matagami,49.75,-77.63,24.8,85.0,90.0,13.87,CA,1605544419.0
89,khatanga,71.97,102.5,12.13,95.0,100.0,16.93,RU,1605544419.0
90,coihaique,-45.58,-72.07,60.8,48.0,20.0,6.93,CL,1605544419.0
91,zhigansk,66.77,123.37,-9.2,91.0,89.0,5.88,RU,1605544419.0
92,harper,4.38,-7.72,82.27,74.0,22.0,5.91,LR,1605544419.0
93,praia,14.92,-23.51,89.6,33.0,0.0,16.11,CV,1605544419.0
94,guerrero negro,27.98,-114.06,76.89,23.0,0.0,1.54,MX,1605544343.0
95,christchurch,-43.53,172.63,57.0,93.0,49.0,10.29,NZ,1605544420.0
96,cherskiy,68.75,161.3,-8.19,91.0,98.0,8.75,RU,1605544420.0
97,east london,-33.02,27.91,68.0,82.0,20.0,10.29,ZA,1605544143.0
98,kapaa,22.08,-159.32,75.2,88.0,40.0,12.75,US,1605544420.0
99,cukai,4.25,103.42,78.8,94.0,64.0,2.24,MY,1605544420.0
100,binzhou,37.37,118.02,55.99,73.0,0.0,8.16,CN,1605544420.0
101,trairi,-3.28,-39.27,87.73,57.0,90.0,14.97,BR,1605544420.0
102,padang,-0.95,100.35,76.87,86.0,100.0,2.24,ID,1605544420.0
103,husavik,66.04,-17.34,30.2,68.0,75.0,3.36,IS,1605544420.0
104,rio gallegos,-51.62,-69.22,64.4,31.0,40.0,38.03,AR,1605544286.0
105,airai,-8.93,125.41,62.85,83.0,3.0,1.92,TL,1605544420.0
106,talavera de la reina,39.96,-4.83,59.31,87.0,78.0,4.36,ES,1605544420.0
107,mahebourg,-20.41,57.7,73.4,56.0,75.0,9.17,MU,1605544420.0
108,sitka,57.05,-135.33,33.8,64.0,20.0,8.05,US,1605544420.0
109,port macquarie,-31.43,152.92,73.4,88.0,75.0,9.17,AU,1605544420.0
110,sharjah,25.36,55.4,81.0,57.0,0.0,4.7,AE,1605544349.0
111,carnarvon,-24.87,113.63,69.8,83.0,0.0,14.99,AU,1605544420.0
112,souillac,-20.52,57.52,73.4,56.0,75.0,9.17,MU,1605544420.0
113,ituni,,,,,,,,
114,ust-barguzin,53.45,108.98,22.15,92.0,45.0,1.59,RU,1605544420.0
115,poum,-20.23,164.02,76.8,79.0,15.0,15.23,NC,1605544421.0
116,kajaani,64.23,27.73,33.8,84.0,90.0,10.29,FI,1605544389.0
117,barrow,71.29,-156.79,30.2,92.0,90.0,28.86,US,1605544421.0
118,tazovskiy,67.47,78.7,13.17,97.0,94.0,10.33,RU,1605544421.0
120,isangel,-19.55,169.27,73.8,82.0,4.0,9.28,VU,1605544421.0
121,seoul,37.57,126.98,48.2,81.0,1.0,4.32,KR,1605544340.0
122,lolua,,,,,,,,
123,tuatapere,-46.13,167.68,55.99,88.0,87.0,10.0,NZ,1605544421.0
124,pacific grove,36.62,-121.92,57.0,58.0,1.0,6.02,US,1605544317.0
125,stornoway,58.21,-6.39,46.99,87.0,75.0,10.29,GB,1605544421.0
126,soure,-0.72,-48.52,85.8,65.0,98.0,12.33,BR,1605544421.0
127,kruisfontein,-34.0,24.73,64.0,93.0,98.0,5.01,ZA,1605544421.0
128,calatrava,10.6,123.48,80.6,83.0,90.0,6.93,PH,1605544421.0
129,alice springs,-23.7,133.88,75.0,46.0,99.0,5.82,AU,1605544421.0
130,high level,58.52,-117.14,-2.2,91.0,90.0,4.7,CA,1605544340.0
131,brigantine,39.41,-74.36,55.99,35.0,1.0,18.34,US,1605544421.0
132,dukat,62.55,155.55,-23.87,85.0,93.0,4.34,RU,1605544421.0
133,katherine,-14.47,132.27,87.8,43.0,16.0,6.93,AU,1605544421.0
134,bredasdorp,-34.53,20.04,66.2,59.0,89.0,10.29,ZA,1605544421.0
135,green river,41.53,-109.47,39.2,60.0,1.0,8.05,US,1605544151.0
136,aksu,41.12,80.26,32.79,74.0,0.0,1.5,CN,1605544422.0
137,veraval,20.9,70.37,79.23,59.0,1.0,7.16,IN,1605544422.0
138,nantucket,41.28,-70.1,55.4,43.0,1.0,23.04,US,1605544422.0
139,pacifica,37.61,-122.49,57.0,76.0,75.0,6.93,US,1605544422.0
140,calama,-22.47,-68.93,69.8,15.0,0.0,18.34,CL,1605544422.0
141,saint-joseph,-21.37,55.62,71.6,56.0,75.0,9.17,RE,1605544422.0
142,upernavik,72.79,-56.15,19.58,89.0,100.0,11.48,GL,1605544422.0
143,college,64.86,-147.8,-11.0,68.0,20.0,1.74,US,1605544422.0
144,uchana,29.47,76.17,67.19,61.0,21.0,8.41,IN,1605544422.0
145,hays,30.05,-98.03,64.0,33.0,0.0,1.01,US,1605544288.0
146,illoqqortoormiut,,,,,,,,
147,san jose,37.34,-121.89,57.0,81.0,75.0,1.32,US,1605544316.0
148,provideniya,64.38,-173.3,32.04,96.0,100.0,13.2,RU,1605544422.0
149,verkhniy baskunchak,48.23,46.72,26.38,73.0,100.0,19.62,RU,1605544422.0
150,longyearbyen,78.22,15.64,19.4,62.0,75.0,19.46,SJ,1605544422.0
151,katsuura,35.13,140.3,62.6,59.0,20.0,8.05,JP,1605544422.0
152,katobu,-4.94,122.53,76.37,89.0,9.0,2.62,ID,1605544422.0
153,arraial do cabo,-22.97,-42.03,87.8,74.0,0.0,13.87,BR,1605544324.0
154,hobart,-42.88,147.33,51.8,53.0,75.0,13.87,AU,1605544397.0
155,svetlogorsk,52.63,29.73,31.71,95.0,91.0,12.97,BY,1605544423.0
156,camacha,33.08,-16.33,73.4,83.0,75.0,20.8,PT,1605544423.0
157,batsfjord,70.63,29.72,41.0,93.0,75.0,19.46,NO,1605544423.0
159,kahului,20.89,-156.47,73.0,73.0,75.0,6.85,US,1605544350.0
160,hualahuises,24.88,-99.67,73.83,39.0,0.0,5.84,MX,1605544423.0
161,canavieiras,-15.68,-38.95,84.2,79.0,75.0,16.11,BR,1605544278.0
162,grand river south east,,,,,,,,
163,vaitape,-16.52,-151.75,80.26,75.0,5.0,8.97,PF,1605544423.0
164,praia da vitoria,38.73,-27.07,69.8,77.0,75.0,22.24,PT,1605544423.0
165,mount gambier,-37.83,140.77,46.4,93.0,75.0,8.05,AU,1605544268.0
166,kodiak,57.79,-152.41,32.0,93.0,1.0,14.99,US,1605544332.0
167,namibe,-15.2,12.15,70.65,72.0,6.0,14.18,AO,1605544423.0
168,osoyoos,49.03,-119.45,33.8,78.0,99.0,2.24,CA,1605544283.0
169,biograd na moru,43.94,15.45,63.0,93.0,75.0,9.17,HR,1605544423.0
170,roald,62.58,6.13,48.2,76.0,75.0,9.17,NO,1605544423.0
171,camacupa,-12.02,17.48,68.5,89.0,100.0,3.62,AO,1605544423.0
172,sabang,5.89,95.32,82.27,82.0,28.0,15.66,ID,1605544423.0
173,leningradskiy,69.38,178.42,24.91,93.0,100.0,4.09,RU,1605544423.0
174,hobyo,5.35,48.53,80.71,78.0,60.0,15.23,SO,1605544423.0
175,port-gentil,-0.72,8.78,80.6,94.0,75.0,14.99,GA,1605544423.0
176,kyakhta,50.35,106.45,22.3,95.0,91.0,4.85,RU,1605544423.0
177,brakel,51.72,9.18,52.0,94.0,91.0,10.98,DE,1605544423.0
178,balabac,7.99,117.06,82.65,80.0,97.0,15.05,PH,1605544424.0
179,palasa,18.77,84.42,74.05,67.0,0.0,3.02,IN,1605544424.0
180,xining,36.62,101.77,41.68,85.0,61.0,3.85,CN,1605544424.0
181,hilo,19.73,-155.09,71.6,78.0,90.0,3.11,US,1605544424.0
182,port shepstone,-30.74,30.45,70.81,88.0,90.0,9.06,ZA,1605544424.0
183,norman wells,65.28,-126.83,-2.2,77.0,75.0,2.24,CA,1605544357.0
184,sokoni,-6.43,39.55,80.6,78.0,75.0,5.82,TZ,1605544424.0
185,pisco,-13.7,-76.22,70.0,68.0,0.0,9.17,PE,1605544424.0
186,sahuaripa,29.05,-109.23,78.62,20.0,0.0,3.42,MX,1605544424.0
187,barentsburg,,,,,,,,
188,nastola,60.95,25.93,37.4,93.0,90.0,13.87,FI,1605544424.0
189,chagoda,59.16,35.33,32.09,95.0,100.0,8.75,RU,1605544255.0
190,rajmahal,25.05,87.83,73.08,52.0,0.0,2.24,IN,1605544341.0
191,victoria,22.29,114.16,72.0,84.0,9.0,11.99,HK,1605544333.0
193,port elizabeth,-33.92,25.57,64.4,93.0,90.0,8.05,ZA,1605544424.0
194,parana,-31.73,-60.52,87.01,25.0,0.0,4.85,AR,1605544424.0
195,castro,-24.79,-50.01,81.82,54.0,2.0,10.45,BR,1605544424.0
196,cidreira,-30.18,-50.21,70.45,85.0,96.0,14.43,BR,1605544424.0
197,saldanha,-33.01,17.94,66.2,59.0,88.0,21.92,ZA,1605544424.0
198,tungkang,,,,,,,,
199,touros,-5.2,-35.46,87.8,58.0,40.0,13.87,BR,1605544424.0
200,saint-georges,12.06,-61.75,82.4,83.0,75.0,18.34,GD,1605544425.0
201,marienburg,54.04,19.03,45.0,90.0,100.0,7.05,PL,1605544425.0
202,sao filipe,14.9,-24.5,82.58,56.0,0.0,8.79,CV,1605544425.0
203,hithadhoo,-0.6,73.08,83.64,77.0,100.0,20.02,MV,1605544258.0
204,havre-saint-pierre,50.23,-63.6,35.6,93.0,90.0,18.34,CA,1605544425.0
205,wukari,7.85,9.78,83.8,29.0,90.0,1.66,NG,1605544425.0
206,ishigaki,24.34,124.16,76.23,79.0,77.0,20.33,JP,1605544425.0
207,saskylakh,71.92,114.08,4.19,93.0,100.0,9.95,RU,1605544425.0
208,moose factory,51.26,-80.61,24.8,85.0,90.0,20.8,CA,1605544425.0
209,male,4.17,73.51,82.4,88.0,40.0,13.87,MV,1605544425.0
210,gladstone,-23.85,151.25,75.2,78.0,0.0,4.7,AU,1605544312.0
211,candelaria,13.93,121.42,79.0,90.0,58.0,3.0,PH,1605544425.0
212,kenai,60.55,-151.26,5.0,84.0,1.0,3.36,US,1605544425.0
214,muros,42.78,-9.06,59.0,76.0,49.0,5.99,ES,1605544425.0
215,butaritari,3.07,172.79,81.3,77.0,82.0,15.05,KI,1605544425.0
216,wangaratta,-36.37,146.33,53.01,57.0,0.0,11.41,AU,1605544425.0
217,jacqueville,5.21,-4.41,86.0,79.0,20.0,11.41,CI,1605544425.0
218,vardo,70.37,31.11,41.0,86.0,75.0,27.51,NO,1605544219.0
219,monte alegre,-2.01,-54.07,94.05,44.0,55.0,6.78,BR,1605544425.0
220,nador,35.17,-2.93,80.6,34.0,0.0,14.99,MA,1605544425.0
221,hoopstad,-27.83,25.91,83.08,22.0,54.0,5.03,ZA,1605544426.0
222,mubende,0.56,31.39,64.58,99.0,100.0,1.61,UG,1605544426.0
223,sentyabrskiy,,,,,,,,
224,kurchum,48.57,83.65,34.25,82.0,100.0,11.92,KZ,1605544426.0
225,kaspiyskiy,45.39,47.37,40.41,70.0,100.0,24.45,RU,1605544426.0
226,iqaluit,63.75,-68.51,26.6,86.0,90.0,25.28,CA,1605544213.0
227,fountain hills,33.61,-111.72,72.0,14.0,1.0,13.87,US,1605544175.0
228,nizhneyansk,,,,,,,,
229,aklavik,68.22,-135.01,-0.4,84.0,20.0,6.91,CA,1605544426.0
230,saldana,3.93,-75.02,85.28,61.0,100.0,2.06,CO,1605544426.0
231,mattru,7.62,-11.83,87.28,57.0,13.0,4.32,SL,1605544426.0
232,tasiilaq,65.61,-37.64,15.8,78.0,0.0,3.36,GL,1605544426.0
233,geraldton,-28.77,114.6,62.6,77.0,82.0,9.17,AU,1605544255.0
234,kaitangata,-46.28,169.85,55.0,87.0,100.0,1.99,NZ,1605544426.0
235,port blair,11.67,92.75,80.73,73.0,90.0,8.55,IN,1605544426.0
236,koslan,63.46,48.9,23.02,97.0,93.0,6.58,RU,1605544426.0
237,villa carlos paz,-31.42,-64.5,86.0,24.0,0.0,1.99,AR,1605544426.0
239,mogadishu,2.04,45.34,80.71,74.0,80.0,14.65,SO,1605544426.0
240,hannibal,39.71,-91.36,53.6,27.0,1.0,14.99,US,1605544426.0
241,fortuna,40.6,-124.16,62.01,82.0,1.0,18.34,US,1605544427.0
242,araouane,18.9,-3.53,86.65,13.0,0.0,9.26,ML,1605544427.0
243,ormara,25.21,64.64,72.9,53.0,0.0,8.7,PK,1605544427.0
244,ontario,34.06,-117.65,73.99,31.0,1.0,3.36,US,1605544427.0
245,nelson bay,-32.72,152.15,69.01,88.0,75.0,24.16,AU,1605544427.0
246,kloulklubed,7.04,134.26,78.8,88.0,75.0,4.7,PW,1605544427.0
247,lata,40.16,-8.33,64.99,74.0,99.0,1.99,PT,1605544427.0
248,icod de los vinos,28.37,-16.71,84.0,88.0,14.0,1.01,ES,1605544427.0
249,ancud,-41.87,-73.82,57.2,67.0,75.0,11.41,CL,1605544427.0
250,ambilobe,-13.2,49.05,77.27,78.0,37.0,4.5,MG,1605544427.0
251,inuvik,68.35,-133.72,6.8,84.0,55.0,6.93,CA,1605544263.0
252,hit,33.64,42.83,63.54,50.0,8.0,5.5,IQ,1605544427.0
253,half moon bay,37.46,-122.43,55.0,87.0,1.0,5.79,US,1605544411.0
254,ambon,-3.7,128.18,82.0,91.0,40.0,5.19,ID,1605544427.0
255,buchanan,5.88,-10.05,89.6,70.0,40.0,8.05,LR,1605544427.0
256,vaitupu,,,,,,,,
257,port hedland,-20.32,118.57,77.0,69.0,0.0,8.05,AU,1605544427.0
258,carutapera,-1.2,-46.02,87.76,59.0,78.0,9.46,BR,1605544427.0
259,aguimes,27.91,-15.45,84.0,69.0,0.0,5.82,ES,1605544427.0
260,balagansk,54.01,103.05,15.08,94.0,19.0,3.47,RU,1605544428.0
261,san patricio,28.02,-97.52,72.0,46.0,20.0,11.41,US,1605544428.0
262,bereda,43.27,-7.54,60.01,93.0,73.0,0.72,ES,1605544428.0
263,tessalit,20.2,1.01,80.96,15.0,0.0,9.4,ML,1605544428.0
264,cape town,-33.93,18.42,69.01,63.0,20.0,21.92,ZA,1605544214.0
265,tiznit,29.58,-9.5,78.24,22.0,79.0,5.66,MA,1605544428.0
266,lompoc,34.64,-120.46,59.0,50.0,1.0,9.17,US,1605544428.0
267,chokurdakh,70.63,147.92,-9.94,91.0,99.0,3.85,RU,1605544428.0
268,kalofer,42.62,24.98,51.01,64.0,1.0,0.87,BG,1605544428.0
269,meyungs,,,,,,,,
270,qasigiannguit,68.82,-51.19,14.0,36.0,20.0,16.11,GL,1605544428.0
271,hasaki,35.73,140.83,50.0,93.0,20.0,2.24,JP,1605544428.0
272,namatanai,-3.67,152.43,78.55,82.0,98.0,5.1,PG,1605544428.0
273,nizwa,22.93,57.53,69.98,46.0,1.0,1.32,OM,1605544428.0
274,karaul,,,,,,,,
275,bhanpuri,21.1,80.92,74.39,64.0,61.0,2.35,IN,1605544428.0
276,sorvag,,,,,,,,
277,luderitz,-26.65,15.16,62.01,74.0,0.0,19.6,,1605544428.0
278,margate,51.38,1.39,52.0,76.0,94.0,3.0,GB,1605544222.0
279,portland,45.52,-122.68,48.2,87.0,90.0,11.41,US,1605543863.0
280,russell,32.35,-85.2,59.0,33.0,1.0,12.75,US,1605544428.0
281,lucea,18.45,-78.17,88.0,66.0,20.0,16.11,JM,1605544428.0
282,marzuq,14.4,46.47,64.45,53.0,3.0,4.65,YE,1605544429.0
283,berdychiv,49.9,28.6,40.57,86.0,100.0,11.88,UA,1605544429.0
284,surt,31.21,16.59,70.23,50.0,100.0,7.14,LY,1605544429.0
285,thinadhoo,0.53,72.93,83.12,76.0,100.0,19.62,MV,1605544429.0
287,dongkan,34.0,119.83,54.59,92.0,0.0,7.45,CN,1605544429.0
288,houma,29.6,-90.72,66.0,43.0,1.0,18.34,US,1605544429.0
289,bahar,34.91,48.44,46.0,57.0,68.0,2.77,IR,1605544429.0
290,ponta delgada,37.73,-25.67,66.2,82.0,75.0,10.29,PT,1605544429.0
291,wanning,18.8,110.4,75.0,87.0,98.0,6.26,CN,1605544429.0
292,tokonou,9.65,-9.78,87.71,34.0,0.0,4.07,GN,1605544429.0
293,houston,29.76,-95.36,66.2,25.0,1.0,12.75,US,1605543960.0
294,kamenka,51.32,42.77,19.99,73.0,100.0,15.05,RU,1605544429.0
295,itoigawa,37.03,137.85,48.99,89.0,71.0,3.74,JP,1605544429.0
296,suez,29.97,32.53,69.12,50.0,48.0,9.86,EG,1605544429.0
297,svetlyy,54.67,20.13,46.4,87.0,90.0,8.95,RU,1605544247.0
298,san policarpo,12.18,125.51,81.46,84.0,28.0,9.42,PH,1605544429.0
299,omboue,-1.57,9.26,77.74,89.0,100.0,9.04,GA,1605544429.0
300,sofiysk,,,,,,,,
301,tabou,4.42,-7.35,82.35,74.0,14.0,5.53,CI,1605544430.0
302,dosso,13.05,3.19,88.43,18.0,8.0,8.81,NE,1605544430.0
303,berlevag,70.86,29.09,41.0,86.0,75.0,16.11,NO,1605544430.0
304,jatai,-17.88,-51.71,88.99,44.0,43.0,6.06,BR,1605544430.0
305,cheyur,,,,,,,,
306,ilesha,7.14,5.26,82.45,54.0,29.0,3.02,NG,1605544430.0
307,owensboro,37.77,-87.11,53.6,43.0,1.0,5.82,US,1605544353.0
308,salalah,17.02,54.09,80.6,74.0,75.0,2.24,OM,1605544365.0
309,vao,-22.67,167.48,74.68,75.0,33.0,9.44,NC,1605544430.0
310,dicamay,16.76,122.0,72.07,91.0,76.0,2.53,PH,1605544430.0
311,hannoversch munden,51.42,9.65,50.0,81.0,75.0,11.41,DE,1605544430.0
312,mangrol,21.12,70.12,79.29,45.0,0.0,10.76,IN,1605544430.0
313,plettenberg bay,-34.05,23.37,64.24,89.0,72.0,11.95,ZA,1605544430.0
314,chivay,-15.64,-71.6,64.8,20.0,11.0,7.76,PE,1605544430.0
315,kokopo,-4.35,152.26,75.94,84.0,100.0,6.67,PG,1605544430.0
316,stantsionno-oyashinskiy,55.47,83.82,12.61,94.0,41.0,0.38,RU,1605544430.0
317,la joya,18.67,-99.47,80.01,43.0,5.0,6.93,MX,1605544430.0
318,nuuk,64.18,-51.72,19.4,52.0,20.0,13.87,GL,1605544431.0
319,peterongan,-7.54,112.28,77.85,87.0,33.0,5.23,ID,1605544431.0
320,mangan,27.52,88.53,58.3,41.0,67.0,6.98,IN,1605544431.0
321,tiksi,71.69,128.87,-4.36,89.0,95.0,16.67,RU,1605544431.0
322,beira,-19.84,34.84,80.01,65.0,20.0,14.99,MZ,1605544431.0
324,marsa matruh,31.35,27.25,68.0,56.0,75.0,10.29,EG,1605544431.0
325,salinopolis,-0.61,-47.36,85.77,64.0,53.0,10.51,BR,1605544431.0
326,huarmey,-10.07,-78.15,70.79,64.0,95.0,12.62,PE,1605544431.0
327,winnemucca,40.97,-117.74,39.2,69.0,1.0,4.7,US,1605544431.0
328,mercedes,-34.65,-59.43,82.99,49.0,7.0,1.99,AR,1605544431.0
329,jinxiang,27.43,120.61,67.14,88.0,73.0,7.2,CN,1605544431.0
330,ushtobe,45.25,77.98,24.49,79.0,100.0,12.93,KZ,1605544431.0
331,puerto lleras,3.02,-73.4,83.75,79.0,94.0,2.62,CO,1605544431.0
332,boa vista,2.82,-60.67,91.4,52.0,75.0,11.41,BR,1605544183.0
333,srednekolymsk,67.45,153.68,-10.82,90.0,100.0,7.36,RU,1605544431.0
334,oussouye,12.48,-16.55,95.0,26.0,0.0,9.17,SN,1605544431.0
335,reggio di calabria,38.11,15.66,68.0,82.0,0.0,1.12,IT,1605544432.0
336,san carlos de bariloche,-41.15,-71.31,70.0,25.0,0.0,13.87,AR,1605544260.0
337,udala,43.08,-2.51,54.0,83.0,98.0,2.01,ES,1605544432.0
338,oriximina,-1.77,-55.87,96.42,40.0,46.0,5.26,BR,1605544432.0
339,youkounkoun,12.53,-13.13,97.99,16.0,0.0,5.84,GN,1605544432.0
340,boguchany,58.38,97.45,12.09,93.0,89.0,2.26,RU,1605544432.0
341,oktyabrskoye,43.06,44.74,37.4,93.0,90.0,4.47,RU,1605544432.0
342,suhbaatar,50.23,106.21,24.48,93.0,98.0,4.61,MN,1605544432.0
343,ust-kuyga,70.02,135.6,-17.68,87.0,99.0,8.08,RU,1605544432.0
344,benavente,42.0,-5.68,53.6,66.0,20.0,1.28,ES,1605544432.0
345,askarovo,53.34,58.51,12.2,61.0,69.0,6.71,RU,1605544432.0
346,shagonar,51.53,92.8,24.84,95.0,95.0,1.97,RU,1605544432.0
347,de pere,44.45,-88.06,34.0,76.0,1.0,11.41,US,1605544432.0
348,burns lake,54.23,-125.75,6.8,84.0,63.0,1.16,CA,1605544202.0
349,waitati,-45.75,170.57,57.0,86.0,100.0,13.0,NZ,1605544432.0
350,tirat karmel,32.76,34.97,66.2,82.0,20.0,2.24,IL,1605544432.0
351,ouahigouya,13.58,-2.42,91.8,16.0,5.0,8.32,BF,1605544432.0
352,taoudenni,22.68,-3.98,84.0,16.0,45.0,15.26,ML,1605544432.0
353,bur gabo,,,,,,,,
354,avera,33.19,-82.53,60.8,38.0,1.0,5.82,US,1605544432.0
355,boizenburg,53.38,10.72,52.0,89.0,97.0,1.01,DE,1605544432.0
356,copiapo,-27.37,-70.33,59.0,72.0,90.0,9.17,CL,1605544248.0
357,mana,5.66,-53.78,81.97,84.0,95.0,9.8,GF,1605544433.0
358,esperance,-33.87,121.9,59.0,82.0,38.0,11.41,AU,1605544433.0
360,ternate,0.8,127.4,81.01,77.0,36.0,2.08,ID,1605544433.0
361,pitkyaranta,61.57,31.48,36.72,82.0,100.0,17.65,RU,1605544433.0
362,samarai,-10.62,150.67,80.64,82.0,100.0,9.13,PG,1605544433.0
363,alta floresta,-9.88,-56.09,80.6,83.0,75.0,3.36,BR,1605544433.0
364,pastavy,55.12,26.83,37.36,80.0,98.0,14.03,BY,1605544393.0
365,key largo,25.09,-80.45,82.0,73.0,4.0,11.01,US,1605544433.0
366,codrington,-38.27,141.97,46.26,92.0,1.0,8.43,AU,1605544433.0
367,burnie,-41.07,145.92,50.0,72.0,2.0,7.0,AU,1605544433.0
368,santa cruz cabralia,-16.28,-39.02,84.2,62.0,75.0,14.99,BR,1605544433.0
369,adamas,36.73,24.43,59.0,67.0,1.0,8.05,GR,1605544433.0
370,todos santos,23.45,-110.22,75.99,71.0,0.0,1.01,MX,1605544433.0
371,kaeo,-35.1,173.78,55.0,92.0,36.0,3.0,NZ,1605544433.0
372,aras,42.56,-2.36,59.0,67.0,40.0,3.11,ES,1605544433.0
373,umzimvubu,,,,,,,,
374,hirara,24.8,125.28,75.29,74.0,18.0,20.29,JP,1605544433.0
375,comodoro rivadavia,-45.87,-67.5,71.6,37.0,0.0,8.05,AR,1605544346.0
376,aguilas,37.41,-1.58,77.0,44.0,0.0,8.05,ES,1605544434.0
377,inirida,3.87,-67.92,86.85,62.0,96.0,3.29,CO,1605544434.0
378,cayenne,4.93,-52.33,87.8,66.0,75.0,13.87,GF,1605544205.0
379,krasnoarmeysk,51.02,45.7,21.0,64.0,86.0,1.99,RU,1605544434.0
380,mayachnyy,52.68,55.69,11.26,93.0,0.0,5.66,RU,1605544434.0
381,meulaboh,4.14,96.13,78.76,87.0,100.0,2.68,ID,1605544434.0
382,penzance,50.12,-5.54,53.6,93.0,75.0,21.92,GB,1605544363.0
383,tual,-5.67,132.75,83.19,78.0,43.0,13.33,ID,1605544434.0
384,san cristobal,7.77,-72.22,82.4,69.0,40.0,4.7,VE,1605544434.0
385,roebourne,-20.78,117.13,80.53,23.0,0.0,14.07,AU,1605544252.0
386,weyburn,49.67,-103.85,23.0,85.0,77.0,40.26,CA,1605544203.0
387,indramayu,-6.33,108.32,83.79,74.0,40.0,8.23,ID,1605544434.0
388,paita,-5.09,-81.11,77.0,61.0,0.0,18.34,PE,1605544434.0
389,wageningen,51.97,5.67,52.0,87.0,90.0,12.75,NL,1605544434.0
390,stromness,58.97,-3.3,46.4,75.0,40.0,21.92,GB,1605544434.0
391,atar,20.52,-13.05,88.57,15.0,100.0,18.28,MR,1605544435.0
392,hornepayne,49.21,-84.77,23.29,93.0,100.0,13.42,CA,1605544317.0
393,la ronge,55.1,-105.28,14.0,78.0,80.0,5.82,CA,1605544435.0
394,isla vista,34.41,-119.86,57.2,47.0,1.0,4.56,US,1605544286.0
395,vila franca do campo,37.72,-25.43,66.2,82.0,75.0,10.29,PT,1605544435.0
396,narsaq,60.92,-46.05,17.6,61.0,5.0,2.91,GL,1605544435.0
397,beringovskiy,63.05,179.32,34.95,93.0,100.0,18.3,RU,1605544435.0
398,uk,,,,,,,,
399,mackenzie,55.3,-123.17,19.4,85.0,90.0,3.36,CA,1605544190.0
400,umm lajj,25.02,37.27,76.51,65.0,0.0,8.95,SA,1605544435.0
401,kazalinsk,,,,,,,,
402,billings,45.78,-108.5,39.2,44.0,75.0,16.11,US,1605544290.0
403,benjamin hill,30.17,-111.1,75.99,20.0,0.0,4.0,MX,1605544435.0
404,sangueya,10.7,-14.37,90.75,42.0,0.0,4.85,GN,1605544435.0
405,teluknaga,-6.1,106.64,84.0,83.0,40.0,2.24,ID,1605544424.0
406,hunza,,,,,,,,
407,saint george,37.1,-113.58,41.0,38.0,1.0,4.36,US,1605544206.0
408,lanigan,51.85,-105.03,15.8,92.0,4.0,3.36,CA,1605544435.0
409,aktash,50.3,87.73,4.03,86.0,21.0,5.46,RU,1605544435.0
410,linhares,-19.39,-40.07,89.33,56.0,89.0,6.78,BR,1605544435.0
411,rawannawi,,,,,,,,
412,solnechnyy,50.72,136.63,13.46,79.0,0.0,3.6,RU,1605544435.0
413,warqla,,,,,,,,
414,birjand,32.87,59.22,42.8,30.0,0.0,4.7,IR,1605544436.0
415,tyulyachi,55.89,50.24,13.08,92.0,33.0,4.47,RU,1605544436.0
416,hope,33.67,-93.59,62.01,65.0,0.0,3.0,US,1605544370.0
417,qaqortoq,60.72,-46.03,17.6,61.0,5.0,2.73,GL,1605544436.0
418,kidal,18.44,1.41,81.64,15.0,0.0,9.93,ML,1605544436.0
419,porbandar,21.64,69.61,79.45,49.0,0.0,13.67,IN,1605544436.0
420,saleaula,,,,,,,,
421,bargal,,,,,,,,
422,dunedin,-45.87,170.5,57.0,86.0,98.0,5.99,NZ,1605544430.0
423,khilok,51.37,110.47,19.69,96.0,96.0,2.77,RU,1605544436.0
424,yangmei,24.1,112.56,67.1,88.0,89.0,0.87,CN,1605544436.0
425,novyy urengoy,66.08,76.63,5.76,94.0,77.0,9.13,RU,1605544255.0
426,kasongo-lunda,-6.47,16.82,71.51,84.0,35.0,2.91,CD,1605544436.0
427,yumen,40.28,97.2,34.52,77.0,98.0,18.57,CN,1605544436.0
428,booue,-0.09,11.94,74.08,93.0,100.0,3.15,GA,1605544436.0
429,sakakah,29.97,40.21,66.2,37.0,0.0,8.05,SA,1605544436.0
430,lydenburg,-25.1,30.46,64.0,79.0,60.0,1.99,ZA,1605544436.0
431,luanda,-8.84,13.23,82.4,69.0,20.0,11.41,AO,1605544298.0
432,pangnirtung,66.15,-65.71,24.8,73.0,90.0,18.34,CA,1605544437.0
433,walvis bay,-22.96,14.51,66.2,63.0,0.0,11.41,,1605544437.0
434,licheng,23.3,113.83,75.99,83.0,51.0,4.47,CN,1605544437.0
435,rosetta,31.4,30.42,68.0,60.0,40.0,13.87,EG,1605544437.0
436,rorvik,64.86,11.24,48.2,87.0,75.0,5.82,NO,1605544437.0
437,ust-ilimsk,58.0,102.66,4.91,93.0,0.0,4.12,RU,1605544437.0
438,shenjiamen,29.96,122.3,66.76,94.0,62.0,10.38,CN,1605544437.0
439,baker,30.59,-91.17,64.0,36.0,1.0,11.41,US,1605544437.0
440,yenagoa,4.92,6.26,79.23,86.0,94.0,5.1,NG,1605544437.0
441,klyuchi,52.27,79.17,13.37,94.0,51.0,4.74,RU,1605544437.0
442,mumford,5.26,-0.76,81.61,78.0,12.0,10.63,GH,1605544437.0
443,jalu,29.03,21.55,65.75,44.0,75.0,7.85,LY,1605544437.0
444,haines junction,60.75,-137.51,6.8,84.0,91.0,2.24,CA,1605544437.0
445,tazmalt,36.39,4.4,71.6,60.0,40.0,3.36,DZ,1605544437.0
446,camocim,-2.9,-40.84,90.05,53.0,93.0,19.33,BR,1605544437.0
447,banda aceh,5.56,95.32,79.74,84.0,36.0,9.44,ID,1605544437.0
448,rawson,-43.3,-65.1,67.75,39.0,6.0,17.85,AR,1605544437.0
449,jiwani,25.05,61.74,74.19,49.0,0.0,7.11,PK,1605544438.0
450,kinshasa,-4.32,15.32,87.8,62.0,75.0,2.19,CD,1605544265.0
451,jumla,29.27,82.18,34.65,78.0,1.0,5.08,NP,1605544438.0
452,bairiki,1.33,172.98,80.6,74.0,20.0,9.17,KI,1605544438.0
453,bac lieu,9.29,105.72,78.22,87.0,40.0,9.8,VN,1605544438.0
454,bambanglipuro,-7.95,110.28,79.61,84.0,59.0,7.27,ID,1605544438.0
455,grindavik,63.84,-22.43,35.6,69.0,75.0,8.05,IS,1605544438.0
456,labuhan,-6.88,112.21,79.79,86.0,91.0,8.99,ID,1605544438.0
457,rocha,-34.48,-54.33,67.5,52.0,13.0,14.29,UY,1605544438.0
458,sinj,43.7,16.64,60.8,87.0,90.0,8.05,HR,1605544438.0
459,tumannyy,,,,,,,,
460,ahipara,-35.17,173.17,59.38,76.0,87.0,9.37,NZ,1605544438.0
461,severnoye,56.35,78.36,12.94,95.0,100.0,9.17,RU,1605544438.0
462,tiarei,-17.53,-149.33,77.0,78.0,20.0,8.39,PF,1605544438.0
463,inyonga,-6.72,32.07,70.84,69.0,74.0,2.55,TZ,1605544438.0
464,cam ranh,11.92,109.16,82.4,83.0,20.0,12.75,VN,1605544438.0
465,chichica,8.49,-82.16,78.8,88.0,40.0,1.12,PA,1605544438.0
466,grimari,,,,,,,,
467,baghdad,33.34,44.4,68.0,40.0,75.0,9.17,IQ,1605544252.0
468,rossland,49.08,-117.8,35.01,94.0,100.0,1.05,CA,1605544244.0
469,belyy yar,53.6,91.39,19.4,92.0,40.0,2.24,RU,1605544439.0
470,tucumcari,35.17,-103.72,57.2,24.0,1.0,3.36,US,1605544439.0
471,mackay,-21.15,149.2,69.8,94.0,40.0,3.36,AU,1605544272.0
472,constancia,24.22,-107.19,81.0,59.0,0.0,1.01,MX,1605544439.0
473,at-bashi,41.17,75.81,19.06,78.0,8.0,2.44,KG,1605544439.0
474,kaitong,44.81,123.15,32.67,82.0,95.0,7.14,CN,1605544439.0
475,attawapiskat,,,,,,,,
476,kamenskoye,,,,,,,,
477,monrovia,6.3,-10.8,89.6,70.0,40.0,8.05,LR,1605544218.0
478,columbia,34.0,-81.03,62.6,29.0,1.0,2.93,US,1605544143.0
479,chapais,49.78,-74.85,28.4,86.0,90.0,11.41,CA,1605544439.0
480,valparaiso,-33.04,-71.63,59.0,71.0,40.0,9.17,CL,1605544323.0
481,nyandoma,61.67,40.2,27.81,96.0,98.0,9.15,RU,1605544439.0
482,ardesen,41.19,40.99,51.8,93.0,75.0,13.87,TR,1605544439.0
483,bathsheba,13.22,-59.52,75.2,88.0,20.0,11.41,BB,1605544439.0
484,ixtapa,20.7,-105.2,77.0,69.0,5.0,3.36,MX,1605544439.0
485,russkaya polyana,49.42,31.92,33.71,88.0,80.0,13.11,UA,1605544439.0
486,agucadoura,41.43,-8.78,61.0,87.0,0.0,3.36,PT,1605544439.0
487,saint-pacome,,,,,,,,
488,trinidad,-14.83,-64.9,91.4,63.0,75.0,13.87,BO,1605544439.0
489,knysna,-34.04,23.05,60.8,93.0,90.0,10.29,ZA,1605544440.0
490,glubokoe,,,,,,,,
491,gizo,-8.1,156.84,80.49,79.0,99.0,1.7,SB,1605544440.0
492,tabiauea,,,,,,,,
493,andenes,69.31,16.12,46.0,93.0,75.0,6.93,NO,1605544440.0
494,santa isabel do rio negro,-0.41,-65.02,92.37,50.0,98.0,3.11,BR,1605544440.0
495,baft,29.23,56.61,48.16,65.0,12.0,3.06,IR,1605544440.0
496,boulsa,12.67,-0.58,90.95,18.0,18.0,8.08,BF,1605544440.0
497,emba,48.83,58.14,14.67,90.0,0.0,5.84,KZ,1605544440.0
498,severobaykalsk,55.65,109.32,12.63,85.0,0.0,6.91,RU,1605544440.0
499,dingle,11.0,122.67,76.78,91.0,46.0,7.09,PH,1605544440.0
500,turtkul,,,,,,,,
501,fort morgan,40.25,-103.8,44.6,36.0,1.0,3.36,US,1605544335.0
502,vanimo,-2.67,141.3,78.96,82.0,100.0,4.52,PG,1605544440.0
503,deputatskiy,69.3,139.9,-14.62,89.0,43.0,4.97,RU,1605544440.0
504,aquiles serdan,17.78,-92.28,78.8,88.0,75.0,5.82,MX,1605544440.0
505,svay rieng,11.09,105.8,77.95,87.0,26.0,3.13,KH,1605544440.0
506,kiama,-34.68,150.87,64.0,85.0,77.0,8.9,AU,1605544440.0
507,samusu,,,,,,,,
508,marks,51.71,46.75,21.0,64.0,91.0,1.99,RU,1605544399.0
509,coulihaut,,,,,,,,
510,lac du bonnet,50.25,-96.06,17.6,72.0,90.0,13.87,CA,1605544441.0
511,ketchikan,55.34,-131.65,37.4,84.0,90.0,2.24,US,1605544441.0
512,kiunga,-6.12,141.29,72.18,98.0,100.0,3.56,PG,1605544441.0
513,tortoli,39.93,9.66,64.4,88.0,75.0,11.41,IT,1605544441.0
514,burgeo,47.62,-57.62,42.66,81.0,100.0,24.61,CA,1605544441.0
515,oxford,51.75,-1.26,51.8,93.0,75.0,13.87,GB,1605543911.0
516,sochi,43.6,39.73,48.2,93.0,90.0,8.95,RU,1605544259.0
517,yei,4.09,30.68,69.48,89.0,100.0,1.9,SS,1605544441.0
518,kopyevo,,,,,,,,
519,nouakchott,18.09,-15.98,95.0,8.0,97.0,12.75,MR,1605544441.0
520,sechura,-5.56,-80.82,71.35,64.0,100.0,10.51,PE,1605544441.0
521,galesong,-5.32,119.37,78.8,94.0,20.0,2.24,ID,1605544441.0
522,ingham,42.6,-84.38,37.99,64.0,40.0,17.22,US,1605544441.0
523,sungaipenuh,-2.08,101.38,67.26,97.0,100.0,0.76,ID,1605544442.0
525,turtas,58.94,69.13,9.01,94.0,69.0,4.12,RU,1605544442.0
526,soyo,-6.13,12.37,79.29,80.0,16.0,10.33,AO,1605544442.0
527,tari,12.41,4.49,87.57,22.0,5.0,8.1,NG,1605544442.0
528,port lincoln,-34.73,135.87,54.48,78.0,25.0,3.38,AU,1605544442.0
529,neya,58.3,43.87,23.0,85.0,1.0,6.11,RU,1605544442.0
530,aranos,-24.13,19.12,88.16,24.0,34.0,13.62,,1605544442.0
531,kasane,-17.82,25.15,75.2,83.0,75.0,5.82,BW,1605544442.0
532,teknaf,20.86,92.31,73.33,79.0,0.0,5.91,BD,1605544442.0
533,kampong thum,12.71,104.89,76.05,92.0,3.0,5.84,KH,1605544442.0
534,borovichi,58.39,33.92,32.56,92.0,98.0,9.4,RU,1605544442.0
535,guiberoua,6.24,-6.17,81.59,71.0,71.0,5.5,CI,1605544442.0
536,jiroft,,,,,,,,
537,vostok,46.49,135.88,15.49,83.0,19.0,6.85,RU,1605544442.0
538,olinda,-8.01,-34.86,84.2,70.0,40.0,9.17,BR,1605544216.0
539,saryshagan,,,,,,,,
540,tsihombe,,,,,,,,
541,palauig,15.44,119.9,80.62,76.0,29.0,4.7,PH,1605544443.0
542,constitucion,-35.33,-72.42,65.23,50.0,2.0,15.14,CL,1605544443.0
543,wulanhaote,,,,,,,,
544,atraulia,26.33,82.95,67.82,60.0,10.0,2.46,IN,1605544443.0
545,yanam,16.73,82.22,80.6,61.0,75.0,8.05,IN,1605544443.0
546,mount isa,-20.73,139.5,86.0,33.0,40.0,10.29,AU,1605544443.0
547,krasnaya polyana,56.24,51.14,15.66,93.0,0.0,3.85,RU,1605544443.0
548,axim,4.87,-2.24,81.09,79.0,40.0,7.49,GH,1605544443.0
549,jiaozuo,35.24,113.23,58.8,61.0,100.0,12.5,CN,1605544366.0
550,kampong chhnang,12.17,104.55,77.07,85.0,26.0,4.43,KH,1605544443.0
551,bonavista,48.65,-53.11,35.01,92.0,99.0,4.7,CA,1605544443.0
552,praya,14.92,-23.51,89.6,33.0,0.0,16.11,CV,1605544443.0
553,balkanabat,39.51,54.37,46.0,50.0,12.0,17.16,TM,1605544401.0
554,kushima,31.46,131.23,64.53,79.0,0.0,3.65,JP,1605544443.0
555,tura,25.52,90.22,66.94,88.0,5.0,2.33,IN,1605544443.0
556,petropavlovsk-kamchatskiy,53.05,158.65,21.2,92.0,33.0,2.24,RU,1605544211.0
557,krasnorechenskiy,44.63,135.35,23.56,85.0,0.0,9.48,RU,1605544443.0
558,caravelas,-17.71,-39.25,83.57,68.0,67.0,14.16,BR,1605544443.0
559,mayo,38.89,-76.51,57.99,37.0,1.0,12.75,US,1605544443.0
560,taldan,53.67,124.8,3.52,92.0,0.0,1.79,RU,1605544444.0
562,ijaki,,,,,,,,
563,adrar,20.5,-10.07,84.47,15.0,55.0,16.02,MR,1605544444.0
564,sola,-13.88,167.55,81.09,83.0,100.0,20.89,VU,1605544444.0
565,big spring,32.25,-101.48,55.4,26.0,1.0,10.29,US,1605544444.0
566,thompson,55.74,-97.86,-4.0,76.0,20.0,5.82,CA,1605544444.0
567,lorengau,-2.02,147.27,81.43,82.0,71.0,9.62,PG,1605544444.0
568,kawalu,-7.38,108.21,74.64,92.0,90.0,0.87,ID,1605544444.0
569,jiaojiang,28.68,121.44,69.01,94.0,74.0,1.39,CN,1605544444.0
570,hamilton,39.18,-84.53,48.99,45.0,1.0,13.87,US,1605544264.0
571,san miguel,13.48,-88.18,86.0,74.0,0.0,3.36,SV,1605544444.0
572,aykhal,66.0,111.5,-9.4,76.0,40.0,4.47,RU,1605544444.0
573,laguna,38.42,-121.42,46.4,87.0,1.0,3.36,US,1605544444.0
574,alekseyevsk,57.84,108.35,3.85,92.0,24.0,3.85,RU,1605544444.0
575,ningyang,35.76,116.79,51.13,83.0,2.0,6.15,CN,1605544444.0
576,manokwari,-0.87,134.08,78.78,78.0,78.0,4.07,ID,1605544287.0
577,broken hill,-31.95,141.43,60.8,31.0,0.0,10.29,AU,1605544444.0
578,nome,64.5,-165.41,33.01,95.0,90.0,11.41,US,1605544153.0
579,shimoda,34.67,138.95,53.01,81.0,0.0,13.47,JP,1605544444.0
580,chipinge,-20.19,32.62,68.7,42.0,22.0,5.88,ZW,1605544444.0
581,naze,28.37,129.48,73.4,73.0,75.0,9.17,JP,1605544445.0
582,waingapu,-9.66,120.26,81.37,74.0,32.0,5.55,ID,1605544445.0
583,zhitikara,,,,,,,,
584,sao jose da coroa grande,-8.9,-35.15,82.78,71.0,46.0,12.55,BR,1605544445.0
585,victor harbor,-35.57,138.62,51.01,84.0,0.0,5.35,AU,1605544445.0
586,kazerun,29.62,51.65,63.39,60.0,19.0,1.5,IR,1605544158.0
587,baesweiler,50.91,6.19,51.01,93.0,75.0,13.87,DE,1605544445.0
588,yarada,17.65,83.27,78.8,83.0,40.0,2.24,IN,1605544445.0
589,tezu,27.92,96.17,68.72,51.0,2.0,3.62,IN,1605544445.0
590,urumqi,43.8,87.6,33.8,86.0,100.0,2.24,CN,1605544445.0
591,mehamn,71.04,27.85,37.4,93.0,75.0,10.29,NO,1605544445.0
592,sinnamary,5.38,-52.95,83.12,82.0,46.0,10.65,GF,1605544445.0
593,kazachinskoye,57.7,93.28,20.17,97.0,100.0,2.98,RU,1605544445.0
594,bougouni,11.42,-7.48,93.61,20.0,0.0,5.48,ML,1605544445.0
595,quatre cocos,-20.21,57.76,73.4,56.0,75.0,9.17,MU,1605544445.0
596,ndele,8.41,20.65,79.66,30.0,0.0,2.17,CF,1605544445.0
597,maralal,1.1,36.7,61.52,78.0,60.0,10.78,KE,1605544446.0
598,vila,42.03,-8.16,57.0,81.0,97.0,0.31,PT,1605544446.0
599,kangundo,-1.3,37.35,71.6,60.0,75.0,10.29,KE,1605544446.0
600,lillesand,58.25,8.38,50.0,81.0,40.0,11.41,NO,1605544446.0
